[
{
    "title": "배송/교환/반품/AS 관련 유의사항",
    "description": "상품상세설명에 배송/교환/반품/취소 관련 안내가 기재된 경우 다음 안내사항보다 우선 적용됩니다.",
    "list": [
        {            "title": "배송 정보",
            "infoList":  [
                            "상품별로 상품 특성 및 배송지에 따라 배송유형 및 소요기간이 달라집니다.",
                            "일부 주문상품 또는 예약상품의 경우 기본 배송일 외에 추가 배송 소요일이 발생될 수 있습니다.",
                            "제주 및 도서산간 지역은 출고, 반품, 교환시 추가 배송비(항공, 도선료)가 부과 될 수 있습니다.",
                            "상품의 배송비는 공급업체의 정책에 따라 다르오며 공휴일 및 휴일은 배송이 불가합니다."
                        ]
        },
        {
            "title": "취소/반품/교환 안내",
            "infoList":  [
                            "상품별로 상품 특성 및 배송지에 따라 배송유형 및 소요기간이 달라집니다.",
                            "일부 주문상품 또는 예약상품의 경우 기본 배송일 외에 추가 배송 소요일이 발생될 수 있습니다.",
                            "제주 및 도서산간 지역은 출고, 반품, 교환시 추가 배송비(항공, 도선료)가 부과 될 수 있습니다.",
                            "상품의 배송비는 공급업체의 정책에 따라 다르오며 공휴일 및 휴일은 배송이 불가합니다.",
                            "상품별로 상품 특성 및 배송지에 따라 배송유형 및 소요기간이 달라집니다.",
                            "일부 주문상품 또는 예약상품의 경우 기본 배송일 외에 추가 배송 소요일이 발생될 수 있습니다.",
                            "제주 및 도서산간 지역은 출고, 반품, 교환시 추가 배송비(항공, 도선료)가 부과 될 수 있습니다.",
                            "상품의 배송비는 공급업체의 정책에 따라 다르오며 공휴일 및 휴일은 배송이 불가합니다.",
                            "상품별로 상품 특성 및 배송지에 따라 배송유형 및 소요기간이 달라집니다.",
                            "일부 주문상품 또는 예약상품의 경우 기본 배송일 외에 추가 배송 소요일이 발생될 수 있습니다.",
                            "제주 및 도서산간 지역은 출고, 반품, 교환시 추가 배송비(항공, 도선료)가 부과 될 수 있습니다.",
                            "상품의 배송비는 공급업체의 정책에 따라 다르오며 공휴일 및 휴일은 배송이 불가합니다."
                        ]
        },
        {
            "title": "반품/교환 불가능한 경우",
            "infoList":  [
                            "상품별로 상품 특성 및 배송지에 따라 배송유형 및 소요기간이 달라집니다.",
                            "일부 주문상품 또는 예약상품의 경우 기본 배송일 외에 추가 배송 소요일이 발생될 수 있습니다.",
                            "제주 및 도서산간 지역은 출고, 반품, 교환시 추가 배송비(항공, 도선료)가 부과 될 수 있습니다.",
                            "상품의 배송비는 공급업체의 정책에 따라 다르오며 공휴일 및 휴일은 배송이 불가합니다.",
                            "상품별로 상품 특성 및 배송지에 따라 배송유형 및 소요기간이 달라집니다.",
                            "일부 주문상품 또는 예약상품의 경우 기본 배송일 외에 추가 배송 소요일이 발생될 수 있습니다.",
                            "제주 및 도서산간 지역은 출고, 반품, 교환시 추가 배송비(항공, 도선료)가 부과 될 수 있습니다.",
                            "상품의 배송비는 공급업체의 정책에 따라 다르오며 공휴일 및 휴일은 배송이 불가합니다."
                        ]
        },
        {
            "title": "A/S 안내",
            "infoList":  [
                            "상품별로 상품 특성 및 배송지에 따라 배송유형 및 소요기간이 달라집니다.",
                            "일부 주문상품 또는 예약상품의 경우 기본 배송일 외에 추가 배송 소요일이 발생될 수 있습니다.",
                            "제주 및 도서산간 지역은 출고, 반품, 교환시 추가 배송비(항공, 도선료)가 부과 될 수 있습니다.",
                            "상품의 배송비는 공급업체의 정책에 따라 다르오며 공휴일 및 휴일은 배송이 불가합니다."
                        ]
        }
    ]
}
]