{
    "topList" : [
        {
        "title": "사이즈",
        "names": ["적당함", "작음", "큼"],
        "values": [73, 0, 27]
        },
        {
        "title": "색상",
        "names": ["같음", "비슷함", "다름"],
        "values": [93, 7, 0]
        },
        {
        "title": "소재",
        "names": ["같음", "비슷함", "다름"],
        "values": [89, 11, 0]
        }
    ],
    "topImgList":  [
                            "https://picsum.photos/id/10/200/300",
                            "https://picsum.photos/id/10/200/300",
                            "https://picsum.photos/id/10/200/300",
                            "https://picsum.photos/id/10/200/300",
                            "https://picsum.photos/id/10/200/300",
                            "https://picsum.photos/id/10/200/300",
                            "https://picsum.photos/id/10/200/300"    
                        ]
}