[
    {   "qid": "1",
        "isComplete": true,
        "title": "사이즈문의",
        "content": "자켓 사이즈 문의 드립니다.",
        "isLock": false,
        "id": "hong",
        "cdate": "2025-09-22",
        "pid": "6"
    },
    {
        "qid": "2",
        "isComplete": true,
        "title": "반품문의",
        "content": "자켓 사이즈 반품 문의 드립니다.",
        "isLock": true,
        "id": "test",
        "cdate": "2025-09-22",
        "pid": "7"
    },
    {
        "qid": "3",
        "isComplete": false,
        "title": "사이즈문의",
        "content": "자켓 사이즈 문의 드립니다.",
        "isLock": false,
        "id": "test2223",
        "cdate": "2025-09-22",
        "pid": "7"
    },
    {
        "qid": "4",
        "isComplete": true,
        "title": "사이즈문의",
        "content": "자켓 사이즈 문의 드립니다.",
        "isLock": false,
        "id": "hong",
        "cdate": "2025-10-02",
        "pid": "3"
    },
    {
        "qid": "5",
        "isComplete": false,
        "title": "사이즈문의",
        "content": "자켓 사이즈 문의 드립니다.",
        "isLock": false,
        "id": "test",
        "cdate": "2025-10-03",
        "pid": "2"
    },
    {
        "qid": "6",
        "isComplete": true,
        "title": "사이즈문의",
        "content": "자켓 사이즈 문의 드립니다.",
        "isLock": false,
        "id": "hong",
        "cdate": "2025-10-10",
        "pid": "1"
    },
    {   "qid": "1",
      "isComplete": true,
      "title": "사이즈문의",
      "content": "자켓 사이즈 문의 드립니다.",
      "isLock": false,
      "id": "hong",
      "cdate": "2025-09-22",
      "pid": "6"
    },
    {
      "qid": "2",
      "isComplete": true,
      "title": "반품문의",
      "content": "자켓 사이즈 반품 문의 드립니다.",
      "isLock": true,
      "id": "test",
      "cdate": "2025-09-22",
      "pid": "7"
    },
    {
      "qid": "3",
      "isComplete": false,
      "title": "사이즈문의",
      "content": "자켓 사이즈 문의 드립니다.",
      "isLock": false,
      "id": "test2223",
      "cdate": "2025-09-22",
      "pid": "7"
    },
    {
      "qid": "4",
      "isComplete": true,
      "title": "사이즈문의",
      "content": "자켓 사이즈 문의 드립니다.",
      "isLock": false,
      "id": "hong",
      "cdate": "2025-10-02",
      "pid": "3"
    },
    {
      "qid": "5",
      "isComplete": false,
      "title": "사이즈문의",
      "content": "자켓 사이즈 문의 드립니다.",
      "isLock": false,
      "id": "test",
      "cdate": "2025-10-03",
      "pid": "2"
    },
    {
      "qid": "6",
      "isComplete": true,
      "title": "사이즈문의",
      "content": "자켓 사이즈 문의 드립니다.",
      "isLock": false,
      "id": "hong",
      "cdate": "2025-10-10",
      "pid": "1"
    }
]


