{
    "category": [
        {"name":"제목", "value":"title"}, 
        {"name":"내용", "value":"content"}, 
        {"name":"등록날짜", "value":"cdate"} 
    ],
    "menus": [
        { "href":"#", "name":"전체", "style":"filter-menu", "type":"all"},
        { "href":"#", "name":"시스템점검", "style":"filter-menu", "type":"system"},
        { "href":"#", "name":"극장", "style":"filter-menu", "type":"theater"},
        { "href":"#", "name":"행사/이벤트", "style":"filter-menu", "type":"event"},
        { "href":"#", "name":"제휴이벤트", "style":"filter-menu", "type":"partner"},
        { "href":"#", "name":"기타", "style":"filter-menu", "type":"etc"}
    ],
    "list" : [
                {
                    "type": "system",
                    "title": "iOS 18 업데이트 관련 예매 서비스 이용안내",
                    "rdate": "2024.09.13",
                    "hits": "118692"
                },
                {
                    "type": "system",
                    "title": "iOS 18 업데이트 관련 예매 서비스 이용안내",
                    "rdate": "2024.09.13",
                    "hits": "118692"
                },
                {
                    "type": "system",
                    "title": "iOS 18 업데이트 관련 예매 서비스 이용안내",
                    "rdate": "2024.09.13",
                    "hits": "118692"
                },
                {
                    "type": "system",
                    "title": "iOS 18 업데이트 관련 예매 서비스 이용안내",
                    "rdate": "2024.09.13",
                    "hits": "118692"
                },
                {
                    "type": "system",
                    "title": "android 업데이트 관련 예매 서비스 이용안내",
                    "rdate": "2025.05.13",
                    "hits": "20000"
                },
                {
                    "type": "system",
                    "title": "android 업데이트 관련 예매 서비스 이용안내",
                    "rdate": "2025.05.13",
                    "hits": "20000"
                },
                {
                    "type": "system",
                    "title": "android 업데이트 관련 예매 서비스 이용안내",
                    "rdate": "2025.05.13",
                    "hits": "20000"
                },
                {
                    "type": "theater",  
                    "title": "android 업데이트 관련 예매 서비스 이용안내",
                    "rdate": "2025.05.13",
                    "hits": "20000"
                },
                {
                    "type": "event",
                    "title": "android 업데이트 관련 예매 서비스 이용안내",
                    "rdate": "2025.05.13",
                    "hits": "20000"
                },
                {
                    "type": "theater",  
                    "title": "android 업데이트 관련 예매 서비스 이용안내",
                    "rdate": "2025.05.13",
                    "hits": "20000"
                },
                {
                    "type": "event",
                    "title": "android 업데이트 관련 예매 서비스 이용안내",
                    "rdate": "2025.05.13",
                    "hits": "20000"
                },
                {
                    "type": "theater",  
                    "title": "android 업데이트 관련 예매 서비스 이용안내",
                    "rdate": "2025.05.13",
                    "hits": "20000"
                },
                {
                    "type": "event",
                    "title": "android 업데이트 관련 예매 서비스 이용안내",
                    "rdate": "2025.05.13",
                    "hits": "20000"
                },
                {
                    "type": "partner",
                    "title": "android 업데이트 관련 예매 서비스 이용안내",
                    "rdate": "2025.05.13",
                    "hits": "20000"
                },
                {
                    "type": "partner",
                    "title": "android 업데이트 관련 예매 서비스 이용안내",
                    "rdate": "2025.05.13",
                    "hits": "20000"
                },
                {
                    "type": "etc",
                    "title": "android 업데이트 관련 예매 서비스 이용안내",
                    "rdate": "2025.05.13",
                    "hits": "20000"
                },
                {
                    "type": "etc",
                    "title": "android 업데이트 관련 예매 서비스 이용안내",
                    "rdate": "2025.05.13",
                    "hits": "20000"
                },
                {
                    "type": "system",
                    "title": "android 업데이트 관련 예매 서비스 이용안내",
                    "rdate": "2025.05.13",
                    "hits": "20000"
                }
            ]
}